galaxy,final_class,ra,dec,band_freq_ghz,pb_fwhm_arcsec,mapped_diam_arcsec,w3_R50,w3_R90,w4_R50,w4_R90,w4_unresolved,frac_in_pb_w4,cov_corr,band_used,coverage,cog_flag,iras_f12,iras_f25,iras_f60,iras_f100,D_Mpc_cz,dist_flag,logL_TIR_Lsun,SFR_TIR,note,iras_src
eso097-013,A,213.29127,-65.33902,97.58,59.7,89.1,50.5,201.6,26.5,139.3,False,0.559,0.708,w4,partial,CoG-not-converged,18.8,68.4,249.0,316.0,6.2,cz/H0-provisional,10.53,5.04,,PSC/FSC
he2-10,A,129.06329,-26.40935,96.91,60.1,89.2,11.7,62.1,17.4,79.8,True,0.763,0.963,w4,covered-unresolved,,1.09,6.51,24.1,26.4,12.5,cz/H0-provisional,10.08,1.78,,PSC/FSC
ic4687,A,273.41596,-57.72535,225.51,25.8,38.5,21.7,100.8,26.7,99.9,False,0.217,0.576,w4,partial,,0.66,2.19,15.2,27.1,74.3,cz/H0-provisional,11.43,39.99,,PSC/FSC
ic5063,A,313.00665,-57.06747,227.06,25.6,46.9,13.1,59.5,18.1,70.6,True,0.312,0.838,w4,covered-unresolved,,1.110,3.940,5.870,4.250,48.6,cz/H0-provisional,10.87,10.95,,RBGS
ic5179,A,334.03787,-36.84376,227.0,25.7,38.2,19.3,160.9,21.1,102.7,True,0.262,0.703,w4,covered-unresolved,,1.180,2.400,19.390,37.290,48.8,cz/H0-provisional,11.18,22.73,,RBGS
iras17208-0014,A,260.84143,-0.2836,220.13,26.5,39.4,12.7,128.7,17.2,86.9,True,0.373,0.961,w4,covered-unresolved,,0.200,1.610,32.130,36.080,183.3,cz/H0-provisional,12.41,382.11,,RBGS
irasf18293-3413,A,278.17157,-34.19096,226.04,25.8,38.5,11.3,108.8,17.2,80.2,True,0.366,0.977,w4,covered-unresolved,,1.140,3.980,35.710,53.380,77.8,cz/H0-provisional,11.79,91.56,,RBGS
ngc1313,B-mosaic,49.55992,-66.49829,229.25,25.4,164.8,161.4,421.3,126.1,342.4,False,0.01,0.026,w4,partial,CoG-not-converged,0.890,2.480,30.710,63.140,6.7,cz/H0-provisional,9.21,0.24,,RBGS
ngc1377,A-domain-flagged,54.16281,-20.90196,228.76,25.5,11.6,10.7,119.8,16.8,76.1,True,0.36,0.976,w4,covered-unresolved,,0.560,1.930,7.430,5.950,25.6,cz/H0-provisional,10.17,2.2,,RBGS
ngc1386,A,54.19187,-36.00027,228.97,25.4,47.5,11.8,67.6,17.6,83.4,True,0.327,0.887,w4,covered-unresolved,,0.520,1.460,5.920,9.550,13.1,cz/H0-provisional,9.58,0.56,,RBGS
ngc253,A,11.88867,-25.28824,97.41,59.8,88.6,100.7,227.4,56.2,195.3,False,0.347,0.439,w4,partial,CoG-not-converged,41.040,154.670,967.810,1288.150,3.4,cz/H0-provisional,10.41,3.81,,RBGS
ngc2903,excluded-no-seed-out-of-domain,143.04213,21.50083,229.18,25.4,34.7,62.9,138.5,55.6,129.2,False,0.132,0.358,w4,partial,,5.290,8.640,60.540,130.430,7.7,cz/H0-provisional,9.83,1.0,,RBGS
ngc3227,A,155.87738,19.86508,228.72,25.5,38.0,23.4,129.2,19.9,107.8,True,0.315,0.854,w4,covered-unresolved,,0.940,1.830,8.420,17.300,16.1,cz/H0-provisional,9.91,1.22,,RBGS
ngc3627,B-mosaic,170.06142,12.99406,229.61,25.4,148.5,63.9,160.2,63.9,150.3,False,0.032,0.087,w4,partial,,4.820,8.550,66.310,136.560,10.3,cz/H0-provisional,10.1,1.86,,RBGS
ngc3628,A,170.07041,13.59166,229.42,25.4,37.9,61.8,203.8,61.8,203.8,False,0.095,0.172,w3,partial,CoG-not-converged,3.130,4.850,54.800,105.760,11.9,cz/H0-provisional,10.36,3.39,,RBGS
ngc4569,A,189.20757,13.16287,229.78,25.3,37.8,43.0,99.1,31.5,88.7,False,0.202,0.551,w4,partial,,1.270,2.060,9.800,26.560,,NEEDS-LIT-DISTANCE,,,,RBGS
ngc4945,A,196.36367,-49.46789,229.19,25.4,47.4,128.9,259.3,102.0,252.7,False,0.114,0.309,w4,partial,CoG-not-converged,27.740,42.340,625.460,1329.700,8.1,cz/H0-provisional,10.82,9.83,,RBGS
ngc5135,A,201.43358,-29.83368,226.47,25.7,38.3,11.5,53.7,16.7,56.5,True,0.382,1.02,w4,covered-unresolved,,0.630,2.380,16.860,30.970,58.6,cz/H0-provisional,11.26,27.22,,RBGS
ngc5236,B-mosaic,204.25231,-29.86556,229.31,25.4,191.7,127.2,251.1,93.3,225.4,False,0.143,0.39,w4,partial,,21.460,43.570,265.840,524.090,7.3,cz/H0-provisional,10.29,2.87,,RBGS
ngc5248,A,204.38362,8.88506,228.7,25.5,38.0,51.6,136.3,53.7,122.0,False,0.113,0.306,w4,partial,,1.750,3.020,20.910,53.480,16.4,cz/H0-provisional,10.22,2.5,,RBGS
ngc5253,A,204.98466,-31.64144,229.29,25.4,43.7,14.9,108.1,18.4,80.7,True,0.328,0.891,w4,covered-unresolved,CoG-not-converged,2.500,12.070,29.840,30.080,6.0,cz/H0-provisional,9.62,0.62,,RBGS
ngc5408,A,210.83179,-41.38297,229.21,25.4,37.9,17.8,27.2,22.1,44.0,False,0.182,0.494,w4,partial,,0.25,0.49,2.72,3.07,7.2,cz/H0-provisional,8.67,0.07,,PSC/FSC
ngc5643,A,218.16991,-44.17461,228.69,25.5,38.0,52.2,102.9,31.2,95.9,False,0.214,0.58,w4,partial,,1.970,4.680,23.480,48.600,17.1,cz/H0-provisional,10.3,2.98,,RBGS
ngc5728,A,220.5997,-17.25317,229.3,25.4,38.1,36.3,199.0,21.1,121.6,True,0.297,0.808,w4,covered-unresolved,,0.210,1.050,8.880,15.790,39.3,cz/H0-provisional,10.6,5.88,,RBGS
ngc6810,A,295.89135,-58.65565,228.13,25.5,47.6,15.0,85.6,18.4,96.2,True,0.319,0.862,w4,covered-unresolved,CoG-not-converged,1.270,3.550,18.200,32.600,29.0,cz/H0-provisional,10.73,7.99,,RBGS
ngc7130,A,327.08121,-34.95131,226.38,25.7,38.4,12.5,70.8,17.5,88.8,True,0.348,0.93,w4,covered-unresolved,,0.580,2.160,16.710,25.890,69.2,cz/H0-provisional,11.38,35.64,,RBGS
ngc7172,A,330.5079,-31.86989,227.63,25.6,38.1,11.7,50.9,17.4,54.6,True,0.351,0.945,w4,covered-unresolved,,0.420,0.880,5.760,12.420,37.4,cz/H0-provisional,10.48,4.5,,RBGS
ngc7465,A,345.50397,15.96487,87.41,66.6,99.0,31.5,153.7,26.5,157.1,False,0.554,0.676,w4,partial,,0.260,0.670,5.470,8.140,28.0,cz/H0-provisional,9.95,1.33,,RBGS
ngc7582,A,349.59842,-42.37057,228.4,25.5,38.0,19.5,109.2,19.6,90.0,True,0.317,0.857,w4,covered-unresolved,CoG-not-converged,2.300,7.390,52.200,82.860,23.2,cz/H0-provisional,10.87,11.13,,RBGS
ngc7793,B-mosaic,359.44866,-32.58921,229.44,25.4,191.4,94.1,177.0,90.0,163.3,False,0.014,0.039,w4,partial,,1.320,1.670,18.140,54.070,,NEEDS-LIT-DISTANCE,,,,RBGS
ngc4826,A,194.18207,21.68266,229.28,43.5,65.2,27.2,117.9,25.1,87.3,False,0.421,0.66,w4,partial,,2.360,2.860,36.700,81.650,6.0,cz/H0-provisional,9.63,0.63,,RBGS
irasf05189-2524,A,80.25571,-25.36251,220.18,26.4,39.4,nan,nan,16.6,67.7,True,0.391,1.007,w4,covered-unresolved,,0.740,3.470,13.250,11.840,183.1,cz/H0-provisional,12.16,213.3,,RBGS
iras09022-3615,A,136.05287,-36.45021,216.61,26.9,40.1,8.6,18.4,14.4,30.3,True,0.461,1.162,w4,covered-unresolved,,0.200,1.190,11.640,11.080,255.4,cz/H0-provisional,12.26,272.5,,RBGS
irasf19297-0406,A,293.09294,-4.00034,211.34,27.6,70.7,189.9,288.3,189.9,288.3,False,0.108,0.183,w3,partial,CoG-not-converged,0.100,0.690,7.320,8.620,367.2,cz/H0-provisional,12.41,383.89,,RBGS
ngc2369,A,109.1573,-62.34375,227.15,25.6,38.2,12.8,50.1,12.8,50.1,True,0.491,0.88,w3,covered-unresolved,,0.740,2.200,20.350,38.310,46.3,cz/H0-provisional,11.13,19.89,,RBGS
irasf14378-3651,A,220.2459,-37.07562,214.87,27.1,40.4,10.7,46.2,17.3,56.4,True,0.388,0.969,w4,covered-unresolved,,0.100,0.670,6.720,8.080,292.0,cz/H0-provisional,12.16,214.93,,RBGS
iras07251-0248,A,111.90642,-2.91539,211.14,27.6,41.1,8.3,16.5,15.0,33.6,True,0.441,1.075,w4,covered-unresolved,,0.070,0.660,6.490,6.350,375.1,cz/H0-provisional,12.38,360.15,,RBGS
irasf12112+0305,A,183.44199,2.81153,215.76,27.0,40.5,70.9,173.6,49.8,249.5,False,0.222,0.556,w4,partial,CoG-not-converged,0.110,0.660,8.180,9.460,311.3,cz/H0-provisional,12.32,309.35,,RBGS
irasf14348-1447,A,219.40965,-15.00666,213.81,27.2,40.9,8.7,19.7,15.2,37.4,True,0.436,1.082,w4,covered-unresolved,,0.100,0.550,6.820,7.310,353.2,cz/H0-provisional,12.34,327.64,,RBGS
ngc5128,A,201.36506,-43.01911,97.03,60.0,88.9,69.5,177.6,59.6,163.5,False,0.276,0.349,w4,partial,CoG-not-converged,22.150,28.250,213.290,411.890,8.0,cz/H0-provisional,10.56,5.42,,RBGS
ngc7469,A,345.81516,8.87384,94.9,61.4,90.4,11.3,82.1,17.5,87.6,True,0.742,0.93,w4,covered-unresolved,,1.590,5.960,27.330,35.160,70.3,cz/H0-provisional,11.62,62.43,,RBGS
ngc3256,A,156.96346,-43.90461,89.07,65.4,98.6,14.1,99.8,18.2,81.1,True,0.775,0.952,w4,covered-unresolved,CoG-not-converged,3.570,15.690,102.630,114.310,39.7,cz/H0-provisional,11.64,64.71,,RBGS
ngc1808,A,76.92643,-37.51305,96.35,60.4,89.2,17.6,119.5,18.5,93.0,True,0.719,0.906,w4,covered-unresolved,CoG-not-converged,5.400,17.000,105.550,141.760,14.3,cz/H0-provisional,10.78,8.99,,RBGS
ngc55,review-review-no-seed,3.75167,-39.20972,97.71,59.6,89.0,87.6,237.6,60.6,204.3,False,0.246,0.312,w4,partial,CoG-not-converged,1.340,6.250,77.000,174.090,,NEEDS-LIT-DISTANCE,,,,RBGS
iras19542+1110,A,299.14917,11.31806,216.0,27.0,40.2,8.1,16.6,15.7,37.4,True,0.421,1.059,w4,covered-unresolved,,0.080,0.770,6.180,6.220,269.1,cz/H0-provisional,12.08,177.12,,RBGS
