name,survey,ra_deg,dec_deg,z,logMstar,logSFR,distance_mpc
NGC0247,PHANGS-ALMA,11.785833,-20.760556,0.000496,9.53,-0.75,3.71
NGC0253,PHANGS-ALMA,11.887917,-25.288333,0.000785,10.64,0.7,3.7
NGC0300,PHANGS-ALMA,13.722917,-37.684444,0.000519,9.27,-0.82,2.09
NGC0628,PHANGS-ALMA,24.17375,15.783611,0.002171,10.34,0.24,9.84
NGC0685,PHANGS-ALMA,26.928333,-52.761944,0.004492,10.07,-0.38,19.94
NGC1068,PHANGS-ALMA,40.669583,-0.013333,0.00377,10.91,1.64,13.97
NGC1097,PHANGS-ALMA,41.57875,-30.274722,0.004195,10.76,0.68,13.58
NGC1087,PHANGS-ALMA,41.605,-0.498611,0.005008,9.94,0.11,15.85
NGC1313,PHANGS-ALMA,49.565417,-66.497778,0.001505,9.26,-0.14,4.32
NGC1300,PHANGS-ALMA,49.920833,-19.411111,0.005155,10.62,0.07,18.99
NGC1317,PHANGS-ALMA,50.684583,-37.103889,0.006439,10.62,-0.32,19.11
IC1954,PHANGS-ALMA,52.879583,-51.905,0.003466,9.67,-0.44,12.8
NGC1365,PHANGS-ALMA,53.401667,-36.140278,0.005381,11.0,1.24,19.57
NGC1385,PHANGS-ALMA,54.369167,-24.501111,0.004926,9.98,0.32,17.22
NGC1433,PHANGS-ALMA,55.50625,-47.221944,0.003527,10.87,0.05,18.63
NGC1511,PHANGS-ALMA,59.9025,-67.633889,0.00444,9.92,0.35,15.28
NGC1512,PHANGS-ALMA,60.975417,-43.348611,0.002907,10.72,0.11,18.83
NGC1546,PHANGS-ALMA,63.65125,-56.060833,0.004149,10.37,-0.08,17.69
NGC1559,PHANGS-ALMA,64.4025,-62.783333,0.004254,10.37,0.6,19.44
NGC1566,PHANGS-ALMA,65.001667,-54.938056,0.004948,10.79,0.66,17.69
NGC1637,PHANGS-ALMA,70.3675,-2.858056,0.002331,9.95,-0.2,11.7
NGC1672,PHANGS-ALMA,71.427083,-59.247222,0.004397,10.73,0.88,19.4
NGC1809,PHANGS-ALMA,75.520833,-69.568056,0.004304,9.77,0.76,19.95
NGC1792,PHANGS-ALMA,76.309583,-37.980556,0.003922,10.62,0.57,16.2
NGC2090,PHANGS-ALMA,86.757917,-34.250556,0.002996,10.04,-0.39,11.75
NGC2283,PHANGS-ALMA,101.47,-18.210833,0.002742,9.89,-0.28,13.68
NGC2566,PHANGS-ALMA,124.69,-25.499444,0.005369,10.71,0.93,23.44
NGC2775,PHANGS-ALMA,137.58375,7.038056,0.004467,11.07,-0.06,23.15
NGC2835,PHANGS-ALMA,139.470417,-22.354722,0.002893,10.0,0.1,12.22
NGC2903,PHANGS-ALMA,143.042083,21.500833,0.001825,10.64,0.49,10.0
NGC2997,PHANGS-ALMA,146.411667,-31.191111,0.003592,10.73,0.64,14.06
NGC3059,PHANGS-ALMA,147.534167,-73.922222,0.004125,10.38,0.38,20.23
NGC3137,PHANGS-ALMA,152.28125,-29.064167,0.003625,9.88,-0.3,16.37
NGC3239,PHANGS-ALMA,156.270417,17.163611,0.002496,9.18,-0.41,10.86
NGC3351,PHANGS-ALMA,160.990833,11.703611,0.002584,10.37,0.12,9.96
NGC3489,PHANGS-ALMA,165.0775,13.901111,0.002309,10.29,-1.59,11.86
NGC3511,PHANGS-ALMA,165.849167,-23.086667,0.003658,10.03,-0.09,13.94
NGC3507,PHANGS-ALMA,165.855833,18.135556,0.003234,10.4,0.0,23.55
NGC3521,PHANGS-ALMA,166.4525,-0.035833,0.002662,11.03,0.57,13.24
NGC3596,PHANGS-ALMA,168.775833,14.786944,0.003962,9.66,-0.52,11.3
NGC3599,PHANGS-ALMA,168.862083,18.110278,0.002791,10.04,-1.35,19.86
NGC3621,PHANGS-ALMA,169.567917,-32.8125,0.002416,10.06,0.0,7.06
NGC3626,PHANGS-ALMA,170.015833,18.356944,0.004906,10.46,-0.68,20.05
NGC3627,PHANGS-ALMA,170.0625,12.991389,0.002386,10.84,0.59,11.32
NGC4207,PHANGS-ALMA,183.876667,9.585,0.002023,9.72,-0.72,15.78
NGC4254,PHANGS-ALMA,184.706667,14.416667,0.007966,10.42,0.49,13.1
NGC4293,PHANGS-ALMA,185.303333,18.3825,0.003089,10.52,-0.3,15.76
NGC4298,PHANGS-ALMA,185.386667,14.606111,0.003796,10.04,-0.34,14.92
NGC4303,PHANGS-ALMA,185.47875,4.473611,0.005203,10.51,0.73,16.99
NGC4321,PHANGS-ALMA,185.72875,15.822222,0.005245,10.75,0.55,15.21
NGC4424,PHANGS-ALMA,186.798333,9.420556,0.001492,9.93,-0.53,16.2
NGC4457,PHANGS-ALMA,187.245833,3.570556,0.002955,10.42,-0.52,15.1
NGC4459,PHANGS-ALMA,187.25,13.978611,0.00397,10.68,-0.65,15.85
NGC4476,PHANGS-ALMA,187.49625,12.348611,0.006547,9.81,-1.39,17.54
NGC4477,PHANGS-ALMA,187.509167,13.636389,0.004544,10.59,-1.1,15.76
NGC4496A,PHANGS-ALMA,187.91375,3.939722,0.005743,9.55,-0.21,14.86
NGC4535,PHANGS-ALMA,188.584583,8.198056,0.006517,10.54,0.34,15.77
NGC4536,PHANGS-ALMA,188.612917,2.188333,0.005986,10.4,0.53,16.25
NGC4540,PHANGS-ALMA,188.712083,15.551667,0.004291,9.79,-0.78,15.76
NGC4548,PHANGS-ALMA,188.860417,14.496389,0.00161,10.7,-0.28,16.22
NGC4569,PHANGS-ALMA,189.2075,13.162778,-0.000753,10.81,0.12,15.76
NGC4571,PHANGS-ALMA,189.235,14.217222,0.001144,10.1,-0.54,14.9
NGC4579,PHANGS-ALMA,189.43125,11.818333,0.005059,11.15,0.33,21.0
NGC4596,PHANGS-ALMA,189.982917,10.176111,0.006282,10.59,-0.96,15.76
NGC4654,PHANGS-ALMA,190.985833,13.126667,0.003507,10.57,0.58,21.98
NGC4689,PHANGS-ALMA,191.94,13.762778,0.005384,10.24,-0.39,15.0
NGC4694,PHANGS-ALMA,192.0625,10.983611,0.003897,9.9,-0.81,15.76
NGC4731,PHANGS-ALMA,192.755,-6.392778,0.004949,9.5,-0.22,13.28
NGC4781,PHANGS-ALMA,193.599167,-10.537222,0.004164,9.64,-0.32,11.31
NGC4826,PHANGS-ALMA,194.181667,21.683333,0.001367,10.24,-0.69,4.41
NGC4941,PHANGS-ALMA,196.054583,-5.551667,0.003723,10.18,-0.35,15.0
NGC4951,PHANGS-ALMA,196.282083,-6.493889,0.003923,9.79,-0.46,15.0
NGC4945,PHANGS-ALMA,196.36375,-49.467778,0.001866,10.36,0.19,3.47
NGC5042,PHANGS-ALMA,198.879167,-23.983889,0.004622,9.9,-0.22,16.78
NGC5068,PHANGS-ALMA,199.727917,-21.038611,0.002226,9.41,-0.56,5.2
NGC5134,PHANGS-ALMA,201.327083,-21.134167,0.005834,10.41,-0.34,19.92
NGC5128,PHANGS-ALMA,201.365,-43.019167,0.001833,10.97,0.09,3.69
NGC5236,PHANGS-ALMA,204.25375,-29.865556,0.001699,10.53,0.62,4.89
NGC5248,PHANGS-ALMA,204.383333,8.885278,0.003879,10.41,0.36,14.87
ESO097-013,PHANGS-ALMA,213.29125,-65.339167,0.001435,10.53,0.61,4.2
NGC5530,PHANGS-ALMA,214.61375,-43.388333,0.003947,10.08,-0.48,12.27
NGC5643,PHANGS-ALMA,218.17,-44.174722,0.003974,10.34,0.41,12.68
NGC6300,PHANGS-ALMA,259.247917,-62.820556,0.003676,10.47,0.29,11.58
NGC6744,PHANGS-ALMA,287.442083,-63.8575,0.002776,10.72,0.38,9.39
IC5273,PHANGS-ALMA,344.86125,-37.702778,0.00429,9.73,-0.27,14.18
NGC7456,PHANGS-ALMA,345.542917,-39.569444,0.003977,9.65,-0.43,15.7
NGC7496,PHANGS-ALMA,347.447083,-43.427778,0.005468,10.0,0.35,18.72
IC5332,PHANGS-ALMA,353.614583,-36.101111,0.002333,9.68,-0.39,9.01
NGC7743,PHANGS-ALMA,356.087917,9.933889,0.005628,10.36,-0.67,20.32
NGC7793,PHANGS-ALMA,359.4575,-32.591111,0.000741,9.36,-0.57,3.62
MaNGA-7815-12705,ALMaQUEST,318.990448,9.543076,0.02955,10.77,0.8,
MaNGA-7977-3703,ALMaQUEST,333.052032,12.205191,0.027817,10.43,0.39,
MaNGA-7977-3704,ALMaQUEST,332.798737,11.800733,0.027245,10.45,-0.59,
MaNGA-7977-9101,ALMaQUEST,331.122894,12.442626,0.026562,11.2,-0.14,
MaNGA-7977-12705,ALMaQUEST,332.892853,11.795929,0.027236,11.02,0.66,
MaNGA-8077-6104,ALMaQUEST,42.032784,-0.752316,0.046014,10.75,0.61,
MaNGA-8077-9101,ALMaQUEST,41.643112,-0.843537,0.043226,10.42,-0.08,
MaNGA-8078-6103,ALMaQUEST,42.416542,-0.069851,0.028593,10.8,0.51,
MaNGA-8078-12701,ALMaQUEST,40.880466,0.306821,0.026977,11.12,0.37,
MaNGA-8081-3704,ALMaQUEST,49.821442,-0.969631,0.054004,10.33,0.91,
MaNGA-8081-6102,ALMaQUEST,49.940136,-0.077189,0.037189,10.95,-1.52,
MaNGA-8081-9101,ALMaQUEST,47.772182,-0.546538,0.02846,10.73,0.41,
MaNGA-8081-9102,ALMaQUEST,49.845692,0.82347,0.034069,10.81,0.17,
MaNGA-8081-12703,ALMaQUEST,50.391369,-0.178368,0.025583,10.51,-0.98,
MaNGA-8082-6103,ALMaQUEST,49.782173,0.955959,0.024157,10.2,0.35,
MaNGA-8082-12701,ALMaQUEST,48.896458,-1.016286,0.027026,10.53,0.07,
MaNGA-8082-12704,ALMaQUEST,49.949562,-0.221145,0.132144,11.66,-0.31,
MaNGA-8083-6101,ALMaQUEST,50.504082,-1.05393,0.026766,10.57,-0.79,
MaNGA-8083-9101,ALMaQUEST,50.138412,-0.33996,0.03847,11.3,0.42,
MaNGA-8083-12702,ALMaQUEST,50.245415,-0.367683,0.02104,11.24,0.51,
MaNGA-8084-3702,ALMaQUEST,50.636642,-0.001213,0.022061,10.43,0.48,
MaNGA-8084-6103,ALMaQUEST,50.741676,0.054137,0.035927,10.71,-0.65,
MaNGA-8084-12705,ALMaQUEST,51.027115,-1.057859,0.025446,10.6,-0.06,
MaNGA-8086-9101,ALMaQUEST,57.242985,-0.52112,0.040035,11.12,-0.09,
MaNGA-8155-6101,ALMaQUEST,53.814114,-1.228609,0.037403,11.18,-3.03,
MaNGA-8155-6102,ALMaQUEST,52.621368,0.752068,0.030814,10.38,0.33,
MaNGA-8156-3701,ALMaQUEST,55.592297,-0.583196,0.052726,10.27,0.81,
MaNGA-8241-3703,ALMaQUEST,126.461189,18.166689,0.029113,10.23,0.23,
MaNGA-8241-3704,ALMaQUEST,126.568909,17.362452,0.066173,11.06,1.22,
MaNGA-8450-6102,ALMaQUEST,171.74884,21.141676,0.041996,10.31,0.63,
MaNGA-8615-3703,ALMaQUEST,320.826416,1.25498,0.018452,10.23,0.42,
MaNGA-8615-9101,ALMaQUEST,319.919739,0.120941,0.033459,10.78,0.01,
MaNGA-8615-12702,ALMaQUEST,320.159454,1.047277,0.020947,10.21,0.1,
MaNGA-8616-6104,ALMaQUEST,322.98053,0.213767,0.054257,10.9,0.21,
MaNGA-8616-9102,ALMaQUEST,322.749451,-0.000594,0.030386,10.44,0.62,
MaNGA-8616-12702,ALMaQUEST,322.306061,-0.294765,0.030831,10.93,-0.36,
MaNGA-8618-9102,ALMaQUEST,319.271454,9.972303,0.043337,10.47,0.42,
MaNGA-8623-6104,ALMaQUEST,311.780975,0.300461,0.097041,11.34,1.2,
MaNGA-8623-12702,ALMaQUEST,310.217072,0.652804,0.02691,10.96,0.11,
MaNGA-8655-3701,ALMaQUEST,356.751831,-0.447387,0.071489,11.27,1.16,
MaNGA-8655-9102,ALMaQUEST,358.221924,-0.382447,0.04505,10.31,0.25,
MaNGA-8655-12705,ALMaQUEST,357.651733,-1.12809,0.045568,10.51,-1.55,
MaNGA-8728-3701,ALMaQUEST,57.699028,-7.028787,0.028327,10.85,-1.67,
MaNGA-8950-12705,ALMaQUEST,194.733139,27.833445,0.025277,10.73,-0.39,
MaNGA-8952-6104,ALMaQUEST,204.933975,27.776474,0.028433,10.6,0.45,
MaNGA-8952-12701,ALMaQUEST,204.683838,26.328539,0.028563,10.78,-0.66,
