name,survey,z,logMstar,logSFR,distance_mpc,hrl_line,strong_line,project_id,mousid,sens_10kms_mJy,ang_res_arcsec,pointing_ra,pointing_dec,predicted_sn_log
NGC0253,PHANGS-ALMA,0.000785,10.64,0.7,3.7,H30a,CO21,2012.1.00789.S,uid://A002/X5d7935/X398,0.46967786413161633,0.41776488162513514,11.888208333333333,-25.288166666666665,-0.108
NGC0253,PHANGS-ALMA,0.000785,10.64,0.7,3.7,H30a,CO21,2018.1.00765.S,uid://A001/X133d/X1561,0.49634230012555935,0.1378110746551504,11.888672770208803,-25.28824444317649,-0.132
NGC1068,PHANGS-ALMA,0.00377,10.91,1.64,13.97,H30a,CO21,2016.1.00232.S,uid://A001/X879/X2d7,0.3894077919082555,0.03414454976972986,40.66987874994658,-0.013289000000016187,-0.241
NGC1068,PHANGS-ALMA,0.00377,10.91,1.64,13.97,H30a,CO21,2016.1.00232.S,uid://A001/X879/X2d9,0.507678575304197,0.29024866284441286,40.66987874994682,-0.013289000000025003,-0.356
NGC0253,PHANGS-ALMA,0.000785,10.64,0.7,3.7,H30a,CO21,2013.1.00191.S,uid://A001/X12e/X1de,0.9306278558728331,0.21772962362699755,11.88708438052007,-25.290225322383737,-0.405
ESO097-013,PHANGS-ALMA,0.001435,10.53,0.61,4.2,H30a,CO21,2024.1.00211.S,uid://A001/X3788/Xae3f,0.6722194261796588,0.2940318289803085,213.29145833331808,-65.33922222222296,-0.464
NGC0253,PHANGS-ALMA,0.000785,10.64,0.7,3.7,H30a,CO21,2017.1.00161.L,uid://A001/X1284/Xf59,1.1259158653414847,1.1546551743949802,11.888775738713205,-25.288444124120705,-0.488
NGC0253,PHANGS-ALMA,0.000785,10.64,0.7,3.7,H30a,CO21,2013.1.00191.S,uid://A001/X12e/X1d8,1.8080931248065175,1.0560148167344026,11.893375154802476,-25.290810556706113,-0.694
NGC1068,PHANGS-ALMA,0.00377,10.91,1.64,13.97,H30a,CO21,2013.1.00111.S,uid://A001/X122/X13,1.128124797685819,0.21148679256622321,40.669879,-0.013289,-0.703
NGC4945,PHANGS-ALMA,0.001866,10.36,0.19,3.47,H30a,CO21,2016.1.01279.S,uid://A001/X888/X7a,1.1211983724410615,0.4732341623907316,196.36174784975034,-49.46743508883367,-0.94
NGC0253,PHANGS-ALMA,0.000785,10.64,0.7,3.7,H30a,CO21,2012.1.00789.S,uid://A002/X5d7935/X39d,6.6022697450371375,0.8044174955691815,11.888208333333331,-25.28816666666666,-1.256
NGC4945,PHANGS-ALMA,0.001866,10.36,0.19,3.47,H30a,CO21,2021.1.00783.S,uid://A001/X1590/X1bfa,2.444902548165844,0.548079068463175,196.36355108974794,-49.46797284932385,-1.279
NGC0253,PHANGS-ALMA,0.000785,10.64,0.7,3.7,H30a,CO21,2012.1.00789.S,uid://A002/X5d7935/X39a,7.423983654804021,3.9249383921769136,11.888208333333335,-25.288166666666662,-1.307
NGC5236,PHANGS-ALMA,0.001699,10.53,0.62,4.89,H30a,CO21,2013.1.01161.S,uid://A001/X12f/X32f,3.548091781332758,0.1941879708256187,204.25312490832633,-29.86611107285796,-1.309
NGC2903,PHANGS-ALMA,0.001825,10.64,0.49,10.0,H30a,CO21,2018.1.00517.S,uid://A001/X133d/Xdca,0.7168658814650473,0.047258493947549135,143.04212916664451,21.500830555565727,-1.365
NGC0253,PHANGS-ALMA,0.000785,10.64,0.7,3.7,H30a,CO21,2013.1.00191.S,uid://A001/X12e/X1da,8.92312179197331,5.151844145312229,11.892605988336035,-25.28994581256893,-1.387
ESO097-013,PHANGS-ALMA,0.001435,10.53,0.61,4.2,H30a,CO21,2018.1.00007.S,uid://A001/X133d/X114,5.656627442162165,5.848204481834815,213.2916666667121,-65.3456944444528,-1.389
NGC2903,PHANGS-ALMA,0.001825,10.64,0.49,10.0,H30a,CO21,2017.1.00277.S,uid://A001/X1296/Xde9,0.7722136853005107,0.06264055751550737,143.04212916670735,21.500830555564598,-1.398
NGC0253,PHANGS-ALMA,0.000785,10.64,0.7,3.7,H30a,CO21,2013.1.00191.S,uid://A001/X147/X20e,9.706014375050767,23.377639310459834,11.888058,-25.288800000000002,-1.423
NGC0253,PHANGS-ALMA,0.000785,10.64,0.7,3.7,H30a,CO21,2017.1.00161.L,uid://A001/X1284/Xf5b,10.690687105138915,4.24196722238812,11.888425518714277,-25.28776503324785,-1.465
NGC5643,PHANGS-ALMA,0.003974,10.34,0.41,12.68,H30a,CO21,2016.1.00254.S,uid://A001/X87a/X491,0.4781000869317458,0.13103710798525817,218.16990829994182,-44.17461110002586,-1.476
NGC5236,PHANGS-ALMA,0.001699,10.53,0.62,4.89,H30a,CO21,2015.1.00121.S,uid://A001/X2fe/X48,5.502595677233249,0.9282609067816648,204.2707558816855,-29.885682310365375,-1.499
NGC5236,PHANGS-ALMA,0.001699,10.53,0.62,4.89,H30a,CO21,2015.1.00121.S,uid://A001/X2fe/X3e,5.631765293131701,0.9521209373088099,204.23543089692237,-29.84647120121931,-1.509
NGC4945,PHANGS-ALMA,0.001866,10.36,0.19,3.47,H30a,CO21,2018.1.00986.S,uid://A001/X133d/X17d4,4.469569549139365,5.257686838405659,196.36366249997198,-49.46790000000587,-1.541
NGC5236,PHANGS-ALMA,0.001699,10.53,0.62,4.89,H30a,CO21,2015.1.00121.S,uid://A001/X2fe/X34,6.4590815091602884,1.0742950972751122,204.2530933893076,-29.866076755792534,-1.569
NGC1068,PHANGS-ALMA,0.00377,10.91,1.64,13.97,H30a,CO21,2021.2.00049.S,uid://A001/X15a9/Xc58,8.438135384299251,23.61075196896896,40.6698789999798,-0.013289000000004663,-1.577
NGC5236,PHANGS-ALMA,0.001699,10.53,0.62,4.89,H30a,CO21,2013.1.01161.S,uid://A001/X12f/X325,6.984999685672569,0.49628820440100546,204.25309338930765,-29.866076755792534,-1.603
NGC2903,PHANGS-ALMA,0.001825,10.64,0.49,10.0,H30a,CO21,2018.1.00517.S,uid://A001/X133d/Xdcc,1.24980359222238,0.3563630350223955,143.04212916672358,21.50083055557196,-1.607
NGC4945,PHANGS-ALMA,0.001866,10.36,0.19,3.47,H30a,CO21,2016.2.00098.S,uid://A001/X1262/Xa1,5.895848509114464,4.264445845418624,196.3608702621777,-49.466741515765996,-1.661
NGC4945,PHANGS-ALMA,0.001866,10.36,0.19,3.47,H30a,CO21,2022.1.00190.S,uid://A001/X2d20/X37d6,5.955929010062194,5.274539986321554,196.36366299999924,-49.46790000000001,-1.666
NGC5643,PHANGS-ALMA,0.003974,10.34,0.41,12.68,H30a,CO21,2016.1.01279.S,uid://A001/X888/X7e,0.8116919668093953,0.46471901068461746,218.16972137105526,-44.17498034964632,-1.706
NGC4945,PHANGS-ALMA,0.001866,10.36,0.19,3.47,H30a,CO21,2018.1.00986.S,uid://A001/X133d/X17d6,7.0627925848886575,23.576397247351277,196.36366249997187,-49.46790000000632,-1.74
NGC1068,PHANGS-ALMA,0.00377,10.91,1.64,13.97,H30a,CO21,2021.2.00049.S,uid://A001/X15a9/Xc56,12.965790116072995,5.6206213585397435,40.66978488813167,-0.013929401662716463,-1.763
NGC5643,PHANGS-ALMA,0.003974,10.34,0.41,12.68,H30a,CO21,2016.1.00254.S,uid://A001/X87a/X493,1.0799135983378791,0.7129817672006203,218.16990829996152,-44.174611100007134,-1.83
NGC4945,PHANGS-ALMA,0.001866,10.36,0.19,3.47,H30a,CO21,2021.1.00783.S,uid://A001/X1590/X1bfe,8.821762328974284,23.365455627968846,196.36366299998826,-49.467900000007674,-1.836
NGC5248,PHANGS-ALMA,0.003879,10.41,0.36,14.87,H30a,CO21,2017.1.00277.S,uid://A001/X1296/Xdef,0.7500049283984461,0.06611019596484771,204.3836208333133,8.885061111110371,-1.86
NGC5236,PHANGS-ALMA,0.001699,10.53,0.62,4.89,H30a,CO21,2015.1.00121.S,uid://A001/X2fe/X3a,12.867328761099584,22.06420720528537,204.25312500000916,-29.866111111114442,-1.868
NGC5236,PHANGS-ALMA,0.001699,10.53,0.62,4.89,H30a,CO21,2013.1.01161.S,uid://A001/X12f/X327,12.861326981007457,1.0453012587947068,204.25309338930765,-29.866076755792534,-1.868
NGC1365,PHANGS-ALMA,0.005381,11.0,1.24,19.57,H30a,CO21,2013.1.01161.S,uid://A001/X12f/X321,3.406604894148306,0.19024647802518083,53.40158333333334,-36.140472222222215,-1.876
NGC5236,PHANGS-ALMA,0.001699,10.53,0.62,4.89,H30a,CO21,2013.1.01161.S,uid://A001/X12f/X32b,14.212416558914232,22.064216729153674,204.253125000002,-29.866111111118748,-1.911
NGC5128,PHANGS-ALMA,0.001833,10.97,0.09,3.69,H30a,CO21,2019.2.00031.S,uid://A001/X14c3/X61b,7.8368507744119285,22.043628832574207,201.36506278998857,-43.01911258000417,-1.938
NGC5248,PHANGS-ALMA,0.003879,10.41,0.36,14.87,H30a,CO21,2017.1.00277.S,uid://A001/X1296/Xdf1,0.9265903549559953,0.2634296093204207,204.38362083333337,8.885061111110002,-1.952
NGC0300,PHANGS-ALMA,0.000519,9.27,-0.82,2.09,H30a,CO21,2013.1.00586.S,uid://A001/X13e/X151,3.363243417579543,0.9542564213998467,13.713125,-37.682861111111116,-1.987
NGC1313,PHANGS-ALMA,0.001505,9.26,-0.14,4.32,H30a,CO21,2015.1.00782.S,uid://A001/X2f7/X221,4.084071648695001,0.38335871633849583,49.62474767774309,-66.4848163383759,-2.022
NGC5128,PHANGS-ALMA,0.001833,10.97,0.09,3.69,H30a,CO21,2013.1.00803.S,uid://A001/X121/X176,9.984469662738455,0.5280959980976344,201.36509458913818,-43.0190738325169,-2.043
NGC1313,PHANGS-ALMA,0.001505,9.26,-0.14,4.32,H30a,CO21,2015.1.00782.S,uid://A001/X2f7/X219,5.21171390855078,0.4804291234640226,49.55992962421526,-66.49829201701772,-2.128
NGC4945,PHANGS-ALMA,0.001866,10.36,0.19,3.47,H30a,CO21,2021.1.00783.S,uid://A001/X1590/X1bfc,17.33218417891961,5.371910175255698,196.36366363945822,-49.467899614124825,-2.13
NGC5128,PHANGS-ALMA,0.001833,10.97,0.09,3.69,H30a,CO21,2013.1.00803.S,uid://A001/X148/X121,12.779023003420258,22.04423455173039,201.36506279,-43.019112580000005,-2.151
NGC5128,PHANGS-ALMA,0.001833,10.97,0.09,3.69,H30a,CO21,2011.0.00008.SV,uid://A002/X259150/X157,13.283133232854624,1.0884605597407213,201.3607187534865,-43.02055291095097,-2.167
NGC3627,PHANGS-ALMA,0.002386,10.84,0.59,11.32,H30a,CO21,2015.1.01538.S,uid://A001/X2fe/X717,5.135392315134847,0.6120633925387619,170.0614153208198,12.994056389663548,-2.228
NGC3627,PHANGS-ALMA,0.002386,10.84,0.59,11.32,H30a,CO21,2015.1.00956.S,uid://A001/X2fb/X291,5.302166251210917,0.810398794483868,170.0640335209024,12.964973865193532,-2.242
NGC1365,PHANGS-ALMA,0.005381,11.0,1.24,19.57,H30a,CO21,2013.1.01161.S,uid://A001/X12f/X317,8.072553201410786,0.6030573188946255,53.40158306823448,-36.140470587751516,-2.25
NGC1365,PHANGS-ALMA,0.005381,11.0,1.24,19.57,H30a,CO21,2019.2.00037.S,uid://A001/X14c3/X1dc,8.67964370558837,23.445410951513303,53.401482341055996,-36.140572061986106,-2.282
NGC3627,PHANGS-ALMA,0.002386,10.84,0.59,11.32,H30a,CO21,2015.1.00956.S,uid://A001/X2fb/X287,6.048778647770346,1.0839192365878467,170.06403367235703,12.9996222331844,-2.299
NGC6744,PHANGS-ALMA,0.002776,10.72,0.38,9.39,H30a,CO21,2015.1.00956.S,uid://A001/X2fb/X2d7,5.8128491978276795,0.8379005903105694,287.44207919999695,-63.826978108630655,-2.33
NGC6744,PHANGS-ALMA,0.002776,10.72,0.38,9.39,H30a,CO21,2015.1.00956.S,uid://A001/X2fb/X2e1,6.155588062656821,0.8372439722049412,287.4326117422324,-63.88947778512893,-2.355
NGC4569,PHANGS-ALMA,-0.000753,10.81,0.12,15.76,H30a,CO21,2018.1.00517.S,uid://A001/X133d/Xdc2,1.224853262976415,1.1902768023379757,189.2075666666572,13.162869444440311,-2.363
NGC4254,PHANGS-ALMA,0.007966,10.42,0.49,13.1,H30a,CO21,2015.1.00956.S,uid://A001/X2fb/X2a5,5.314439502952382,1.167719862888646,184.71250676447022,14.40821300594851,-2.47
NGC3627,PHANGS-ALMA,0.002386,10.84,0.59,11.32,H30a,CO21,2015.1.00956.S,uid://A001/X2fb/X28d,9.070071876877284,23.48980761778357,170.0626082999792,12.991288900002656,-2.475
NGC7793,PHANGS-ALMA,0.000741,9.36,-0.57,3.62,H30a,CO21,2015.1.00782.S,uid://A001/X2f7/X21d,6.217277122022827,0.48931246180697435,359.4486538257026,-32.589205242983745,-2.481
NGC1365,PHANGS-ALMA,0.005381,11.0,1.24,19.57,H30a,CO21,2013.1.01161.S,uid://A001/X12f/X319,13.822362052132076,1.0139886256901454,53.40158306280189,-36.14047059893555,-2.484
NGC5643,PHANGS-ALMA,0.003974,10.34,0.41,12.68,H30a,CO21,2018.1.00986.S,uid://A001/X133d/X17da,5.093419340560018,4.314399422809471,218.17029562632064,-44.1743333315773,-2.503
NGC1566,PHANGS-ALMA,0.004948,10.79,0.66,17.69,H30a,CO21,2017.1.00392.S,uid://A001/X12d1/X118,4.846013473206131,0.8264307021174955,65.00174580005654,-54.953084287421724,-2.521
NGC4303,PHANGS-ALMA,0.005203,10.51,0.73,16.99,H30a,CO21,2015.1.00956.S,uid://A001/X2fb/X2af,6.3442914308533,1.070187490681215,185.47895829999987,4.473588899999999,-2.533
NGC1566,PHANGS-ALMA,0.004948,10.79,0.66,17.69,H30a,CO21,2018.1.01651.S,uid://A001/X136e/Xa0,5.1181994233735715,0.7995892521393116,65.00174580001077,-54.92391762267217,-2.545
NGC1672,PHANGS-ALMA,0.004397,10.73,0.88,19.4,H30a,CO21,2015.1.00956.S,uid://A001/X2fb/X273,7.0977680056794235,1.1810555980201232,71.42866966821363,-59.24408545648518,-2.547
NGC4254,PHANGS-ALMA,0.007966,10.42,0.49,13.1,H30a,CO21,2015.1.00956.S,uid://A001/X2fb/X29b,6.583331706469136,1.1329927027497129,184.71250747939274,14.435990782762017,-2.563
NGC4321,PHANGS-ALMA,0.005245,10.75,0.55,15.21,H30a,CO21,2015.1.00956.S,uid://A001/X2fb/X2c3,5.663813058095915,0.8247324761182849,185.72585881043787,15.809879848711033,-2.567
NGC3627,PHANGS-ALMA,0.002386,10.84,0.59,11.32,H30a,CO21,2015.1.00956.S,uid://A001/X2fb/X297,11.454274238472589,23.489807580946827,170.06260829996947,12.991288900005083,-2.577
NGC5643,PHANGS-ALMA,0.003974,10.34,0.41,12.68,H30a,CO21,2018.1.00986.S,uid://A001/X133d/X17dc,6.25223610558513,23.627573750403084,218.16990832996248,-44.17461111001129,-2.592
NGC0628,PHANGS-ALMA,0.002171,10.34,0.24,9.84,H30a,CO21,2012.1.00650.S,uid://A002/X5a9a13/X57b,7.543523194943539,0.5397027742385828,24.17330572806446,15.782979282287616,-2.624
NGC4321,PHANGS-ALMA,0.005245,10.75,0.55,15.21,H30a,CO21,2015.1.00956.S,uid://A001/X2fb/X2b9,6.6751853557415295,1.216098501277611,185.72585845342255,15.834879847487887,-2.639
NGC1365,PHANGS-ALMA,0.005381,11.0,1.24,19.57,H30a,CO21,2013.1.01161.S,uid://A001/X12f/X31d,21.345954494909126,22.14618091677292,53.40158333333334,-36.14047222222222,-2.672
NGC6744,PHANGS-ALMA,0.002776,10.72,0.38,9.39,H30a,CO21,2015.1.00956.S,uid://A001/X2fb/X2e7,14.382586698405014,23.498540112148728,287.4420792000173,-63.85753890000696,-2.723
NGC6744,PHANGS-ALMA,0.002776,10.72,0.38,9.39,H30a,CO21,2015.1.00956.S,uid://A001/X2fb/X2dd,14.718584925175968,23.49911945240823,287.442079200006,-63.85753890000907,-2.733
NGC4303,PHANGS-ALMA,0.005203,10.51,0.73,16.99,H30a,CO21,2015.1.00956.S,uid://A001/X2fb/X2b5,10.109386814140908,23.556815605377302,185.47895830000897,4.473588900001742,-2.735
NGC3351,PHANGS-ALMA,0.002584,10.37,0.12,9.96,H30a,CO21,2015.1.00956.S,uid://A001/X2fb/X27d,7.448400987676916,1.0910745910311455,160.9905541999999,11.703611100000002,-2.749
NGC4254,PHANGS-ALMA,0.007966,10.42,0.49,13.1,H30a,CO21,2015.1.00956.S,uid://A001/X2fb/X2ab,10.215793327504002,23.62145869982135,184.70677080002537,14.416488900004888,-2.754
NGC5643,PHANGS-ALMA,0.003974,10.34,0.41,12.68,H30a,CO21,2016.1.00254.S,uid://A001/X87a/X495,9.071450012863258,5.579658147814533,218.1699082999414,-44.17461110002893,-2.754
NGC4254,PHANGS-ALMA,0.007966,10.42,0.49,13.1,H30a,CO21,2015.1.00956.S,uid://A001/X2fb/X2a1,10.348644020436947,23.62147345715287,184.70677080003017,14.416488900005222,-2.759
NGC1672,PHANGS-ALMA,0.004397,10.73,0.88,19.4,H30a,CO21,2015.1.00956.S,uid://A001/X2fb/X279,11.96395279915395,23.53702565874555,71.42730000001092,-59.24741110000694,-2.773
NGC3351,PHANGS-ALMA,0.002584,10.37,0.12,9.96,H30a,CO21,2016.2.00053.S,uid://A001/X124a/X1cc,8.113740873028496,5.382384554433411,160.99055416665422,11.703611111110424,-2.786
NGC4535,PHANGS-ALMA,0.006517,10.54,0.34,15.77,H30a,CO21,2015.1.00956.S,uid://A001/X2fb/X2cd,6.317201157356988,1.0975687570186752,188.5836700296678,8.193746764125136,-2.856
NGC4579,PHANGS-ALMA,0.005059,11.15,0.33,21.0,H30a,CO21,2012.1.00139.S,uid://A002/X5a9a13/Xe9,3.495782620843862,0.5399681197983902,189.431362,11.818183,-2.858
NGC4321,PHANGS-ALMA,0.005245,10.75,0.55,15.21,H30a,CO21,2015.1.00956.S,uid://A001/X2fb/X2c9,11.384152952020901,23.557262630783224,185.7287458000133,15.822380600005959,-2.871
NGC0628,PHANGS-ALMA,0.002171,10.34,0.24,9.84,H30a,CO21,2012.1.00650.S,uid://A002/X95bb93/X5,13.614927361107414,21.99673134283675,24.174050000000005,15.783461111111118,-2.88
NGC4826,PHANGS-ALMA,0.001367,10.24,-0.69,4.41,H30a,CO21,2016.2.00053.S,uid://A001/X124a/X1b4,8.732387287161139,5.053098358423139,194.18206666667342,21.682658333330036,-2.92
NGC4321,PHANGS-ALMA,0.005245,10.75,0.55,15.21,H30a,CO21,2015.1.00956.S,uid://A001/X2fb/X2bf,12.964411623201912,23.557261169194554,185.72874580000286,15.822380600002592,-2.927
NGC1385,PHANGS-ALMA,0.004926,9.98,0.32,17.22,H30a,CO21,2018.1.01651.S,uid://A001/X136d/X134,6.599855016059735,0.684712209002108,54.37106516400722,-24.501277379104327,-2.972
NGC1087,PHANGS-ALMA,0.005008,9.94,0.11,15.85,H30a,CO21,2017.1.00392.S,uid://A001/X12d1/Xf8,5.336711416058304,0.9762131113470044,41.60488749994732,-0.49870279254689187,-3.017
NGC3351,PHANGS-ALMA,0.002584,10.37,0.12,9.96,H30a,CO21,2015.1.00956.S,uid://A001/X2fb/X283,14.540477695261387,23.493548165287276,160.99055420000133,11.703611100002332,-3.039
NGC4459,PHANGS-ALMA,0.00397,10.68,-0.65,15.85,H30a,CO21,2017.1.00766.S,uid://A001/X1273/X64a,0.9813434350183223,0.5188367272657753,187.25004651460955,13.978891557513665,-3.042
NGC1433,PHANGS-ALMA,0.003527,10.87,0.05,18.63,H30a,CO21,2017.1.00392.S,uid://A001/X12d1/X10c,4.931418487650027,0.7434763530903273,55.52896595774345,-47.22207747594762,-3.183
NGC1433,PHANGS-ALMA,0.003527,10.87,0.05,18.63,H30a,CO21,2018.1.01651.S,uid://A001/X136e/X9c,5.0862402547311385,0.7209631536775118,55.486020656514505,-47.22207785799967,-3.197
NGC1300,PHANGS-ALMA,0.005155,10.62,0.07,18.99,H30a,CO21,2018.1.01651.S,uid://A001/X136d/X140,5.300663479664298,0.6803863460067756,49.90489776653345,-19.411360025349317,-3.211
NGC4535,PHANGS-ALMA,0.006517,10.54,0.34,15.77,H30a,CO21,2015.1.00956.S,uid://A001/X2fb/X2d3,14.801716382610769,23.598949992415335,188.5846250000169,8.197761100001483,-3.226
NGC1512,PHANGS-ALMA,0.002907,10.72,0.11,18.83,H30a,CO21,2018.1.01651.S,uid://A001/X136d/X138,6.423675664634658,0.7140556845191811,60.97616971568141,-43.34884890083904,-3.247
NGC7743,PHANGS-ALMA,0.005628,10.36,-0.67,20.32,H30a,CO21,2017.1.00766.S,uid://A001/X1273/X66e,0.9730367527005073,0.5169772473956983,356.0880416666186,9.93404165816815,-3.274
NGC4596,PHANGS-ALMA,0.006282,10.59,-0.96,15.76,H30a,CO21,2017.1.00766.S,uid://A001/X1273/X650,0.8605564718967345,0.5103115344903328,189.98277820462008,10.175748874288601,-3.29
NGC1300,PHANGS-ALMA,0.005155,10.62,0.07,18.99,H30a,CO21,2018.1.01651.S,uid://A001/X136d/X13c,7.6143456029518815,0.7050396134504653,49.93588845992511,-19.411360209509724,-3.369
NGC4477,PHANGS-ALMA,0.004544,10.59,-1.1,15.76,H30a,CO21,2017.1.00766.S,uid://A001/X1273/X656,0.9780371795722045,0.5366842148451947,187.50905000002362,13.636441654913396,-3.485
MaNGA-8082-6103,ALMaQUEST,0.024157,10.2,0.35,,H30a,CO21,2024.1.00808.S,uid://A001/X3788/X9534,1.2394062679093338,0.9057855782259052,49.782169342076564,0.9559599757197287,-3.773
MaNGA-8623-6104,ALMaQUEST,0.097041,11.34,1.2,,H40a,CO10,2018.1.00541.S,uid://A001/X133d/Xea3,0.5551924552319794,2.4036783207566255,311.780975339982,0.3004607000000825,-3.782
NGC4476,PHANGS-ALMA,0.006547,9.81,-1.39,17.54,H30a,CO21,2017.1.00766.S,uid://A001/X1273/X662,0.97622530263443,0.705901808331402,187.49617083334866,12.348669433787276,-3.868
NGC7743,PHANGS-ALMA,0.005628,10.36,-0.67,20.32,H30a,CO21,2019.1.01305.S,uid://A001/X1465/X1194,3.9076712931808726,1.2328303008737274,356.0880508660412,9.934145245239298,-3.878
NGC4459,PHANGS-ALMA,0.00397,10.68,-0.65,15.85,H30a,CO21,2018.1.00484.S,uid://A001/X133d/Xd40,6.960868399531896,23.49820543176407,187.25010833331683,13.978580555561416,-3.893
NGC4459,PHANGS-ALMA,0.00397,10.68,-0.65,15.85,H30a,CO21,2017.1.00766.S,uid://A001/X1273/X64c,7.860069450663592,5.4006333014403936,187.24917958428503,13.97918297398305,-3.945
NGC3599,PHANGS-ALMA,0.002791,10.04,-1.35,19.86,H30a,CO21,2017.1.00766.S,uid://A001/X1273/X668,1.1478426319199768,0.549085047520541,168.86252463068772,18.109835147547393,-4.006
NGC4477,PHANGS-ALMA,0.004544,10.59,-1.1,15.76,H30a,CO21,2012.1.00139.S,uid://A002/X5a9a13/Xe9,3.6093873520138535,0.5770605902206116,187.50905,13.636442000000002,-4.053
NGC4596,PHANGS-ALMA,0.006282,10.59,-0.96,15.76,H30a,CO21,2018.1.00484.S,uid://A001/X133d/Xd48,6.805768372740429,23.553604794768248,189.98306249998967,10.176030555560978,-4.188
NGC7743,PHANGS-ALMA,0.005628,10.36,-0.67,20.32,H30a,CO21,2018.1.00484.S,uid://A001/X133d/Xd68,8.050376824136528,23.536745948087628,356.0880416666758,9.934041666671893,-4.192
NGC4596,PHANGS-ALMA,0.006282,10.59,-0.96,15.76,H30a,CO21,2017.1.00766.S,uid://A001/X1273/X652,9.292386176811188,5.700522773931947,189.98254532162449,10.176611271352046,-4.323
NGC4477,PHANGS-ALMA,0.004544,10.59,-1.1,15.76,H30a,CO21,2018.1.00484.S,uid://A001/X133d/Xd50,6.982561752032323,23.50976894057758,187.50904999998897,13.63644166667279,-4.339
NGC7743,PHANGS-ALMA,0.005628,10.36,-0.67,20.32,H30a,CO21,2017.1.00766.S,uid://A001/X1273/X670,11.831814130404991,5.207819368820323,356.08817474500336,9.93492369711325,-4.359
NGC4477,PHANGS-ALMA,0.004544,10.59,-1.1,15.76,H30a,CO21,2017.1.00766.S,uid://A001/X1273/X658,8.327600218304854,5.191443506798379,187.50813822842392,13.636532622701257,-4.416
MaNGA-8950-12705,ALMaQUEST,0.025277,10.73,-0.39,,H30a,CO21,2021.1.01616.L,uid://A001/X1590/X296,1.8417743888342728,0.9051553762793134,194.72568330337796,27.828948983711488,-4.724
NGC3599,PHANGS-ALMA,0.002791,10.04,-1.35,19.86,H30a,CO21,2018.1.00484.S,uid://A001/X133d/Xd60,6.381285481425832,23.4673851777586,168.86230416663417,18.110369444444885,-4.751
NGC4476,PHANGS-ALMA,0.006547,9.81,-1.39,17.54,H30a,CO21,2017.1.00766.S,uid://A001/X1273/X664,7.8729406688671455,5.33467012587553,187.49569703127872,12.347906289860136,-4.774
NGC4476,PHANGS-ALMA,0.006547,9.81,-1.39,17.54,H30a,CO21,2018.1.00484.S,uid://A001/X133d/Xd58,9.126770871163924,23.558591305964324,187.4961708333128,12.348669444442594,-4.838
NGC3599,PHANGS-ALMA,0.002791,10.04,-1.35,19.86,H30a,CO21,2017.1.00766.S,uid://A001/X1273/X66a,9.80868813684275,5.177588183665587,168.86278647566712,18.110688783936254,-4.938
MaNGA-8081-12703,ALMaQUEST,0.025583,10.51,-0.98,,H30a,CO21,2024.1.00808.S,uid://A001/X3788/X9534,1.3748560020469958,0.8954571567491372,50.39136886599939,-0.17836999893183392,-5.198
MaNGA-8950-12705,ALMaQUEST,0.025277,10.73,-0.39,,H30a,CO21,2021.1.01616.L,uid://A001/X1590/X298,10.691193628995604,5.910519203747649,194.72574880165268,27.82886001217785,-5.488
MaNGA-8081-6102,ALMaQUEST,0.037189,10.95,-1.52,,H30a,CO21,2024.1.00808.S,uid://A001/X3788/X94f4,1.2173736832632025,0.8576979921381168,49.940139770558694,-0.07718999683848825,-6.01
MaNGA-8081-12703,ALMaQUEST,0.025583,10.51,-0.98,,H30a,CO21,2024.1.00808.S,uid://A001/X3788/X95d8,10.25128372815334,4.658524318421013,50.39136886599808,-0.17836999893185634,-6.07
MaNGA-8155-6101,ALMaQUEST,0.037403,11.18,-3.03,,H30a,CO21,2024.1.00808.S,uid://A001/X3788/X94f4,1.2173746924834374,0.8313792505821325,53.814109802289444,-1.2286100387576266,-7.525
